date,developerResponse,review,rating,isEdited,title,userName,scam_related
2024-09-25 14:52:42,"{'id': 47060754, 'body': ""We appreciate your review. Bumble was designed to challenge outdated heterosexual dating norms and we're very committed to this. We take fake profiles seriously and have a team dedicated to investigating suspicious accounts, so if you‚Äôre ever unsure about a profile, please report them in the app. We're sorry if your experience with our Support Team wasn't the best. We'd love to change this, so please feel free reach out to us at\xa0bumble.com/contact or @BumbleSupport on social media if there's anything we can do for you. Thank you! üíõ"", 'modified': '2024-09-28T11:04:00Z'}","As a woman, I don‚Äôt feel Bumble is feminist or empowering at all. I‚Äôve tried a lot of apps, and this is the only one I‚Äôve deleted in just a few weeks. 90% of matches don‚Äôt respond when I reach out with a first message, among the 10% there were fake profiles that made me feel unsafe. I‚Äôve had decent success on other apps with matches who were potentially the type of people I would meet. I am personable and polite with good values, look good, am well educated and have a great job. I understand that the type of matches you get has a lot to do with your photos and what else you put on your profile, and I was careful in choosing whatever has given me decent matches on other apps. I got a few good potential matches on Bumble the first few days, until I paid for a one month membership, after which I regretted being on the app. I reached out to their support team about a fake profile, and got a standard reply that they are looking into it. Several potential matches were people traveling here from a different country. The last straw was when I got a like from someone who said ‚Äòswipe right if desperate‚Äô and another that said ‚Äòface it, you need a man in your life‚Äô. Well, this app really made me feel like I don‚Äôt need a man in my life if this is how the men on here are. Is forcing me to message first going to solve all these issues? How disappointing that this is what is considered feminism.",1,False,Avoid if true feminist,Junesun234,True
2021-09-29 23:05:21,"{'id': 25467725, 'body': 'Hi Tzou95! Our team fully investigates all reports before taking action and moderates based solely on our Community Guidelines. We would never arbitrarily block someone from our platform. If you would like our team to review your case, message @BumbleSupport on Twitter or Facebook.', 'modified': '2021-10-04T04:03:17Z'}","So Bumble definitely shadowbans or at least outright blocks you. I had Bumble for about 2 years straight. One of the women I met off there ended up stalking me and I deleted the account out of fear she would create fake profiles and try to monitor me. Needless to say I ended up moving for work and decided to make another account now that I felt safe. Within the first hour I had several likes, however, that stopped instantly after that. Nothing after that first hour (I live in a large metropolitan area so this is unusual). I‚Äôm also not an ugly guy by any means. It‚Äôs not difficult to see who likes your profile since bumble‚Äôs blurred image for your queue is easily distinguishable when swiping. I noticed that one particular like I had showed up in my stack and I didn‚Äôt swipe on it initially. I reopened the app later to see my likes disappear. HOWEVER, these profiles still showed up in the stack and they are unable to unlike your profile once they‚Äôve swiped right. This happened with almost all of the likes I had and they weren‚Äôt bot profiles. I received no more likes since that first hour and I kept the app for a week and a half to make sure. Pretty pathetic I received whatever ‚Äúban‚Äù they clearly have in place simply because I deleted my account to protect myself. Not like I‚Äôm deleting and recreating the app every other week. Won‚Äôt be recommending or using (like I could anyway) this app again.",1,False,Bumble Ban,Tzou95,True
2022-08-02 02:12:00,"{'id': 31306098, 'body': ""Hi there! You don't have to pay to match with anyone! It sounds like you may be referring to admirers in your Beeline. Your Beeline fills with users who‚Äôve swiped to the right on you but who you haven‚Äôt swiped on just yet. All of our core features are free to use. You don't have to pay to swipe, make matches, or send messages. We offer a few paid options to access additional features, but they're totally optional. You don't have to pay to make authentic connections in the Hive. If you have any questions, definitely reach out to our Support Team at bumble.com/contact. üíõ"", 'modified': '2022-08-05T21:09:01Z'}","I joined bumble only a couple weeks ago and had 4 maybe 5 liked by others, but they weren‚Äôt mutual so I never saw who they were. I shouldn‚Äôt have to pay money just to meet someone. I get that bumble is being the middle man in the possible relationship but that‚Äôs what gets me. It‚Äôs a ‚Äúpossible‚Äù relationship. I don‚Äôt know if it‚Äôll work out or not why should I pay 40 dollars just to see someone‚Äôs profile that may or may not be close to me at all! It‚Äôs a joke and a scam. If you wanted to help people meet other people why make them pay for it? Why couldn‚Äôt you just put ads in from sponsors like you do for push notifications? That gives you money doesn‚Äôt it? Or an actual 10 second ad after so many skips then give the option for a one time purchase to stop the ads. I don‚Äôt see why I need to pay what was it 20-40 dollars for a week!?! Absolutely ridiculous what a waste of time.
If you read to this point believe me it‚Äôs just like every other dating app asking for money to see someone. It‚Äôs disappointing. Oh and there‚Äôs bots as well so you if you choose to subscribe to them you may be losing money to talk to someone trying to scam you.

I would go back to bumble if the paywall wasn‚Äôt there or if it was a one time purchase. So to the bumble team, Ik you won‚Äôt, but as a friendly suggestion take that into consideration and good luck.",1,False,Takes too long to get a mutual match and a paywall,3rd customer,True
2018-11-09 17:53:09,"{'id': 5912222, 'body': 'Hi there! We appreciate your feedback. Hundreds of users make successful connections on the app every day, and we are certain that you can as well. Feel free to message us on Facebook (@bumbleapp) or Twitter (@bumble) if we can offer any tips or support. We are here for you!', 'modified': '2018-11-12T18:55:53Z'}","I find it very odd that every guy I‚Äôve matched has either never talked or we start talking and I suddenly never hear back from them again. I‚Äôve only exchanged numbers with two guys on this app and one suddenly disappears after we talked all night and he agreed to take me surfing and the other guy stops talking. All the guys I‚Äôve matched with stop talking mid conversation this has happened 100 percent of the time. I‚Äôve had at least 12+ matches and have been using this app for about a week, I‚Äôd say I‚Äôm a very attractive woman and have never had problems getting a date so I find it odd that this has happened every single time. The Bumble Bff does this as well but not as badly so I‚Äôve stopped using the dating side of Bumble as it‚Äôs super suspect and I haven‚Äôt had any success with any of the guys I‚Äôve matched with. I also think their are quite a few fake profiles as well but seeing all the bad reviews I‚Äôm starting to believe this app is just trying to get you to spend money as it takes so many swipes just to see whose liked you. Mine said I had 50+ likes and it stayed that way because Bumble won‚Äôt reveal even one of them for a very long time unless you pay for an upgrade. I find it odd that I can‚Äôt match with any rally handsome guys on the app but when I go out I attract good looking guys all the time. Anyways I just wanted everyone to know my experience. It‚Äôs not you, it‚Äôs this app.",1,False,The worst dating app I‚Äôve ever used.,Gale22,True
2021-11-14 03:37:30,"{'id': 26273273, 'body': 'Thanks for updating your review.\nWe always appreciate feedback from our users.', 'modified': '2021-11-15T10:42:56Z'}","I got premium for a week to see if I would get better results and to be able to bring back the people that I timed out with. While I had premium, I got no swipes. I thought no one liked me, which is fair. But as soon as I ended my premium, a bunch of people swiped on me. Not only that, but I‚Äôve been spamming swipe right to try and match with them, but not a single one has matched üòê I‚Äôve swiped so much that I continue to use up all my swipes for the day. Bottom line, don‚Äôt get premium. It‚Äôs a waste of money and bumble is just trying to scam you.

They said it‚Äôs cause of advanced filters, but I swiped so much when I had filters on, that it started expanding out side of my filters (mind you, I had filters even before I had premium, so nothing changed) and that still doesn‚Äôt change the fact that with every swipe I get (and I swipe right on literally everyone because I‚Äôm desperate to make friends) none of them end up being the people that matched with me. Bottom line, if you are serious about making friends like I am, I don‚Äôt recommend this app, per my personal experience üëçüèæ",5,False,Don‚Äôt get premium,Nara765,True
2023-09-01 22:06:25,"{'id': 38701315, 'body': ""We're sorry to hear about this. Please message our Support Team on Twitter or Facebook (@BumbleSupport), so our team can take a look."", 'modified': '2023-09-04T08:12:56Z'}","I used Bumble for a long time, never had any problems. As far as I know, I followed all the rules. Out of the blue I got banned with no warning or explanation or anyway to get any recourse. That was after I paid for the premium service and I got no refund. Avoid this app. They ban people for no reason, or likely based on the lies of people you reject. Don‚Äôt waste your money. I tried emailing them several times for an explanation and got nothing. Terrible customer service. Their terms of service say that you are not entitled to a refund if you break their rules. I did not break any of their rules and yet I was canceled without a refund. 
Until they can figure out how to circumvent bans based on revenge reports, or false reports I would advise everyone to avoid this app. 
They say that they don‚Äôt ban people arbitrarily, but based on my experience and what I‚Äôve read from other people, they ban people over flimsy or even fabricated reports. Anyone can literally submit a report accusing someone of bad offline behavior. Bumble makes no effort to verify or follow up, they just ban. It‚Äôs a joke.
The policy should be that if you get banned without a warning then you get your money back. Otherwise it‚Äôs just a scam; they take your money but can decide to deny you their service without a refund for any reason they decide. Thats practically fraud.",1,False,Banned for no reason,giantmeteor,True
2023-12-01 16:00:07,"{'id': 756891, 'body': 'Hey there! If you need some assistance with your profile, please contact the beehive using your feedback button in the settings menu on Bumble. The clever bees will take a look at this for you!', 'modified': '2017-07-12T10:25:13Z'}","This app is completely worthless. You might match with someone but most of the profiles are old or fake. I've had this app for over 3 years and I even paid for the extra features. It still doesn't matter. Nobody ever replies. They basically only care about money, not actually linking you with anyone. They actually have incentive to prevent you from matching because they want you to keep paying and keep searching for someone. They also have no incentive to filter out and remove fake and old profiles. The technology to do this is extremely simple, available, and inexpensive to implement. They want lots of fake profiles because they make money off of it. For example, they have a feature you can pay for called ‚Äúsuper swipes‚Äú where you can skip the waiting process and tell someone immediately that you are interested in them. If you send a super swipe to a fake or old profile, Bumble makes money off the super swipe, and the consumer gets nothing. This app is literally fraudulent. I don‚Äôt understand how any of this is legal. There is a reason they‚Äôve been sued more than once. This app is extremely unethical and Apple shouldn‚Äôt even be contracted with them. I have had the app on my phone for over five years. I have sent over 100 super swipes. It never results in anything. I think I‚Äôve only talked to a handful of actual people.",1,True,Scam!,RiseOnTheWingsOfTheDove,True
2022-08-27 16:32:25,"{'id': 31786639, 'body': 'Our team fully investigates all reports before taking action and moderates based solely on our Community Guidelines. We would never arbitrarily block someone from our platform. If you would like our team to review your case, message @BumbleSupport on Twitter or Facebook.', 'modified': '2022-09-01T11:24:40Z'}","I used the app for 48 hours looking to make friends and they block me with no explanation. Went through their email service for 3 days straight asking why I was blocked and was told they cannot tell me the reason for privacy reasons, but when you report on their site about issues they give the ability to ‚Äúfind out why I‚Äôm blocked‚Äù and then will circle their email back to they cannot give you a reason. Such a WASTE OF TIME. Why give they option on your site if you‚Äôre going to just tell people they can‚Äôt get that information?Unfortunate that I even have to write this review, but hope a better app to make friends comes out and drives all their business away. Seems like all they want is money and thankful I didn‚Äôt pay for this scam of an app just to make friends. I hope someone makes a better app for people to make friends that actually gives their community the reason for the block when providing a help email. Sad how someone can be blocked just for writing messages the same way to people as I stated in an email to them if the only phrase they know in a specific language that‚Äôs discrimination right there and would be a great start for a lawsuit on their hands. DON‚ÄôT download unless you‚Äôre okay with huge possibility of being BLOCKED FOR LIFE",1,False,Terrible app won‚Äôt inform why your blocked,I'd rarely review,True
2023-06-25 18:41:58,"{'id': 39852632, 'body': ""We're always working to increase the number of genuine, quality connections for our users. Part of that means encouraging more intentional swiping. We incorporated a swipe limit to help our users get the results they‚Äôre hoping for. If you're in a rush to see more users though, you're always welcome to upgrade your account to Boost or Premium."", 'modified': '2023-10-31T16:12:28Z'}",It‚Äôs a massive waste of time fellas trust me. You can only like about 20 people a day on the free version. And when you receive a like bumble makes sure they don‚Äôt show you that person during your swiping to make you pay for premium. Once a blue moon you‚Äôll get lucky and they will show the person who liked you in the free version. I‚Äôve even done the paid version multiple times for about six months worth. It‚Äôs outrageously priced at $40 a month. They‚Äôre insane charging this for multiple reasons. 85% of the likes you‚Äôll receive are fake profiles that say ‚Äúadd my snap‚Äù and the 15% that do match you that are real don‚Äôt message you since the ladies have to message first. I‚Äôve even utilized their boost multiple times during peak hours and got barely any likes. Which by the way boosts cost money and you only get one free one a week with premium then they‚Äôre about $7 each after that. So you end up buying the bundle deals. This app is a cash grab trust me don‚Äôt ever pay for it. Honestly don‚Äôt even use it. The free version is terrible. There‚Äôs so many other free dating app options that let you send 50 likes a day and their paid versions actually get you matches. I wasted six months of money on this app and will never spend a penny on it again.,1,False,Don‚Äôt waste your time if you‚Äôre a guy,Kartzar,True
2024-01-19 14:06:57,"{'id': 41529310, 'body': 'We‚Äôre sorry to hear you haven‚Äôt found a meaningful connection yet. However, Bumble‚Äôs mission has always been to build a platform rooted in kindness and respect and we believe everyone is beautiful in their own way.', 'modified': '2024-01-25T14:57:14Z'}","This app is ALL about making money, not making connections. You pay an insane amount of money for the top 3 month subscription plan and then if you want to actually connect with people (like super swipe or comment on Theo pictures) you have to pay an even more ridiculous amount of money!!!! I would say if you really want to date someone then just pay the money for actual match making service. This app gives you tons of pictures of beautiful women in the A lineup when you have super swipes or comments available in your bank. Once the super swipes and comments are all spent, the you miraculously start getting the D line up. This is a real review! You can call me shallow or self centered because I will not settle for a woman with hiking pictures that says she loves to work out but is 5-0‚Äù and 400 pounds. That‚Äôs what you get with this app. But if you completely break the bank and spend hundreds of dollars on this app you might, and I strongly emphasize MIGHT, connect with a decent person. But wait, there‚Äôs more! She won‚Äôt ever respond once you connect! How strange is that???! You spend a ton of money to find some you actually want to talk to and actually connect only to never get a response??? Yeah, this app is a complete scam! Preys on your desires to get in your wallet!!!",1,False,One of the WORSE,Mantisssssssssss,True
2024-06-09 12:34:06,"{'id': 44514953, 'body': 'We‚Äôre sorry to hear you haven‚Äôt found a meaningful connection yet. However, Bumble‚Äôs mission has always been to build a platform rooted in kindness and respect and we believe everyone is beautiful in their own way.', 'modified': '2024-06-11T03:21:51Z'}","I have nothing against trans people, but they should not be included with people looking for straight relationships. With AI editing, it makes it extremely difficult to tell now. It‚Äôs a waste of time for everyone not fully understanding the situation. In my opinion, you are also exposing them to a potentially dangerous interaction should they match with someone who is not kind and understanding. Please give them their own listing or include their profiles with the non-binary search. It should make the search for love more efficient for everyone. 

The other is that the number of accounts that are fake, promoting OF pages or wanting a sugar daddy are insane. Please do more to filter that stuff out. They tend to use the same handful of names or repeatedly use the same pictures with different names, so they should be easy to filter out. The rest are a little more discreet, but I‚Äôm sure you could figure out a way to reduce those preying on mens‚Äô loneliness a little better. All you‚Äôre doing is facilitating it now. I have subscribed to this app multiple times hoping it would get better, but it has just gotten worse. As soon as I see improvements, I will reconsider subscribing again.",2,False,Reorganize Gender Listings & Reduce Spam Accounts,Brian Beauchamp,True
2023-09-05 15:53:16,"{'id': 38771560, 'body': ""We know that from time to time people can get busy or feel nervous starting a chat and this can be frustrating if you are really interested in the connection! That's why we give our members one free Extend per day in the hopes it will give those who need it a little more time to start the chat. You can learn more here: https://bit.ly/3llOnmI. We'd love to address all of your concerns, please message us at @BumbleSupport on Twitter or Facebook. Alternatively, you can contact us via bumble.com/contact."", 'modified': '2023-09-07T06:05:08Z'}","Well to start off, an app where you expect women my age to start a conversation or contribute efforts to first talks is laughable so that already drops my rating to a 3 star. Sadly any matches that most of us will get are either spam accounts, people promoting their nudes to sell and scam people, or possibly tiny portions of REAL people that are not ready for any sort of engagement let alone a relationship.  Hence, you wait 20 hours for their vanity and ego boost then they unmatch. Another problem I encountered was the castle wall of payments to even attempt to change that outcome. 30 likes, literally swipes to say i‚Äôm interested in talking, cost $100 freaking dollars. Your premium account price is akin to a Gold‚Äôs Gym membership or a nice meal I could‚Äôve spent on a date. 26 dollars a month isn‚Äôt breaking banks but it‚Äôs stupid considering what you‚Äôre giving. All these dating apps must be smoking meth, it is sad to see you set that steep a price and gatekeep what essentially is a gamble on a half built platform. My recommendation would be to try Hinge, I have spoken to and had nice dates with a few women and it didn‚Äôt cost me my kidney to arrange it. They were happy with the outcome as well, not being swamped by rich meandering narcissists or creeps because the platform takes care of that.",1,False,Disappointing,TheOGJoker,True
2024-03-17 12:33:47,"{'id': 42673029, 'body': ""We get how frustrating it can be when you have a new match you're excited about, but no move is made. We know people can get busy or even nervous initiating the conversation at first. Here‚Äôs a tip: try adding a conversation prompt to your bio to help start the conversation or if someone's profile particularly stands out to you, SuperSwipe them!"", 'modified': '2024-03-19T02:16:50Z'}","I have used this app for over 6 months now of which several of it I had a premium subscription. Very few likes and even less matches were made. Of the few matches that were made, less than 10% of the people I matched with even made an attempt to respond since the female has to message first. Because of that, many matches expired. It‚Äôs unfortunate and rather frustrating when someone you think you‚Äôd jive with as a potential partner doesn‚Äôt even reach out. Just how many profiles are dormant and unattended on this app?? Dating in general is tough and almost impossible these days. This app restored some hope as there is much less fake profiles. But when no one responds back, I have an extremely difficult time justifying the cost of a subscription. It would be nice to see a lower cost subscription for seeing who likes you without having to pay for all the premiums of boost etc.

Edit: I love how the developers response to my critique is for one thing in general and their ‚Äúsolution‚Äù is ‚Äòpay more!!‚Äô This developer takes advantage of people who are lonely and wanting to find someone but at a vulnerable state in their lives to scams and borderline fraud!",2,False,High price for lack of interaction,00014637,True
2024-01-02 18:19:06,"{'id': 41097299, 'body': ""We're so sorry about your experience with us. We absolutely do not tolerate fake profiles on Bumble and would like to look into this. Please message our Support Team on Twitter or Facebook (@BumbleSupport), so our team can look into this."", 'modified': '2024-01-05T09:49:04Z'}","I'll preface this by saying that I haven't paid for any of the premium features so I can't comment on that experience. I'm also a male trying to connect with females so that's where this review is coming from... females will likely have a different experience but I guess I don't know for sure. What I can say is that Bumble ranks atop my list of the worst dating apps in terms of the free user experience for men. The only perk to using this app is that the quality of the potential matches is higher than you generally see on Tinder, and there appears to be fewer fake accounts. But none of that really matters because you hardly get any matches here compared to the other dating apps. It seems that their business model is to not show your profile to any of the accounts that you've 'liked', thereby precluding a match, and instead just tempt you to pay an outrageous fee for their premium features which let you see accounts that have supposedly already 'liked' your profile. I'm happy to say I've not succumbed to this shady practice, and I don't see why you should either considering many of the other dating apps still allow you to get quality matches without paying for the more premium features.",1,False,Free version is worthless,Matt15858,True
2022-06-23 21:40:34,"{'id': 31646928, 'body': ""We appreciate you sharing this important feedback. We're disappointed to hear you've felt unsafe on the platform. Safety is always a priority and we actively work to monitor for behavior violating our guidelines. If you'd like to chat more about your feedback, email us via bumble.com/contact or DM us on Facebook/Twitter (@BumbleSupport)."", 'modified': '2022-08-24T23:22:45Z'}","Bumble has made me hate online dating. I had way better luck and went on actual dates on other dating apps like Hinge. 

As a woman I get to ‚Äúmake the first move‚Äù. I had 1600+ likes in my first couple of weeks and I matched with a handful of them, but then when I make my first move, there‚Äôs only a little small talk and their account gets deleted or they say they are going to meet up or video chat but keep making excuses. I ran into SO MANY catfish accounts of guys who ‚Äúreally want to meet me‚Äù and they‚Äôd make plans with me but keep cancelling because surprise surprise they‚Äôre not real. This whole app is a big scam and a time waster. 

The verified profiles don‚Äôt really mean anything when I‚Äôve disproven many of these accounts. So I don‚Äôt feel safe at all on this app. I had to report a couple of profiles and the bumble team assured me that they are gone. But if that person is a catfish or a fake account and your verification process can‚Äôt be trusted, then how do I know if that person doesn‚Äôt just make a new account. The guys on here don‚Äôt want to date they just swipe right and hope you match with them. Then talk to you for a second and then ghost you for no reason. It‚Äôs ridiculous.",1,False,Probably the worst dating app here‚Äôs why,RobinSparkles17,True
2022-04-08 15:02:32,"{'id': 29987039, 'body': 'Hi there. We‚Äôre so glad you reached back out as this is definitely something our team would love the opportunity to take a second look at. Are you please able to send us a DM on Facebook or Twitter @bumblesupport. We‚Äôll happily look into this for you right away.üíõ', 'modified': '2022-05-26T14:46:26Z'}","Someone used another person‚Äôs pictures and created a fake account. They really played me, made me buy into their whole story about how they‚Äôre a neuroscience post doc researcher at OSU, naming buildings on campus where they had labs, etc. They were using all the buzzwords and lingo a neuroscientist would and I fact checked everything they were saying, so I wouldn‚Äôt doubt that part is true. It went on for two days until they finally came out and told me they‚Äôre not actually the person in their profile, that they were just trolling me, and calling me gullible for believing them. I cussed them out in literally 6 words and reported them. It was so depressing and I felt like an idiot. Then get this‚Ä¶ Bumble bans ME?! I reached out to customer support and they said they ‚Äúinvestigated‚Äù it but they‚Äôre still going to permanently ban me because the company is ‚Äúrooted in kindness, respect‚Ä¶‚Äù If they actually read through our entire conversation history and did their job right, they would know how royally they messed up and have it completely backwards. I am just appalled by the whole thing. I also paid for the premium membership which I‚Äôm sure they‚Äôre not going to refund me for, so add getting robbed to the list.",1,False,Horrible!! Please read,Me llamo Tomas,True
2018-11-29 21:21:43,"{'id': 6261079, 'body': ""Hi there! Our platform does not function in the way that you've described as your Beeline only populates with people who choose to like you, and you have the ability connect with any of these bees! It's possible that someone that has liked you exited your distance range, so we suggest you attempt to expand your distance range to locate this user!"", 'modified': '2018-12-05T21:12:07Z'}","TLDR: burying profiles of those who like you so you spend money on their ‚Äúsee who liked you‚Äù service 

So I‚Äôve been a long time user and recently noticed something that didn‚Äôt sit too well. Bumble usually does a pretty good job of letting you know when you‚Äôre liked, but recently I noticed they have been giving accounts that ‚Äúlike you‚Äù but no matter how much you swipe.. you‚Äôll never see them. At first I was confused after hitting the ‚Äúno more people around you‚Äù message and bumble was still saying someone liked you. Then I realized almost every third card or swipe I got was an ad promoting their premium service and the ability to ‚Äúsee who likes you‚Äù. That‚Äôs when I realized they‚Äôre just putting either a fake picture in the ‚Äúpeople who like you‚Äù box, or their burying an actual person who does like you in order for your curiosity or frustration to push you into buying their premium. I get it bumble, a premium service is a good idea for some. But this somehow feels underhanded or sneaky to me and I‚Äôm not a fan. Definitely still going to use the app lol but not as enthusiastically as before",3,False,Sneaky Bumble pushing their Premium Service,NBCloper,True
2020-08-18 16:14:59,"{'id': 17811019, 'body': ""We do not allow fake profiles; please report those that seem suspicious in the app and we'll investigate right away. We're sorry to hear you haven't had luck making connections on Bumble; we know how frustrating it is when matches don't send a message. We'd love an opportunity to improve your experience - send us a message on Facebook or Twitter!"", 'modified': '2020-09-10T19:25:51Z'}","I‚Äôve used all of the dating sites/apps over the past 6 months and as a man can tell you it is rare for any attractive woman to like you first.  When I joined bumble however with a paid week to see who likes me I received 43 likes from beautiful woman in the first 12 hours, sorry guys that just doesn‚Äôt happen.  For fun I went ahead and matched with all of them and guess what happened?  24 hours later they were all gone because none of these beautiful women ever started a conversation.  It‚Äôs now a week later and not one single other person has liked my profile.  No question about it this app gives you an absurd amount of fake likes the first day to get you to pay and then you realize they are all fake.  Do not waste your time guys

Update August 2020.  They changed the app recently and instead of showing you people who have liked you first bumble now does not show them to you at all.  I scrolled through all profiles in my area and it still had not shown me a single person who liked me t he number of likes never decreased. I even had a female friend nearby like me and it never showed her to me.  You cannot March with likes unless you pay for the app thus making it even more useless",1,False,Waste of time all fake profiles,bradhutchinson,True
2023-11-09 19:48:18,"{'id': 40452333, 'body': 'Our team fully investigates all reports before taking action and moderates based solely on our Community Guidelines. We would never arbitrarily block someone from our platform. If you would like our team to review your case, message @BumbleSupport on Twitter or Facebook.', 'modified': '2023-12-01T15:57:15Z'}","My mom raised me to be a extremely respectful person to women as did my sisters which I have 3 of. So to be permanently banned for no reason and to be told I broke a community guideline without any specific reason behind it or any previous warning etc is crazy. I don‚Äôt speak rudely, don‚Äôt use vulgarity, don‚Äôt demean or insult others, and don‚Äôt even use the app. It had been 2 years of walking away from dating and focusing on myself. I get back on speak with 2 people, meet 1 of them, and that didn‚Äôt go great üòÇ. She believed it was okay to create a fake snap chat account and scam men of their money. I respectfully moved on and then was banned. Unsure if it‚Äôs related or not but hey I was told literally nothing as to why ü§∑üèº‚Äç‚ôÇÔ∏è. I won‚Äôt use the app again or recommend to anyone. Pretty insane and this is the first permanent ban I‚Äôve ever obtained on any app, game, or technological service including when I was 19 on Tinder, being a bad kid on Xbox Live, and well I can‚Äôt think of anything else. Anyways, just thought I should put that out there. Your best bet is to never use a dating app, go get in shape, get a good job, and then hit on women in real life üòÇü§∑üèº‚Äç‚ôÇÔ∏è. Shocking I know! It is, what it is!",1,False,I was banned for no reason!,Pat Reacts,True
2023-05-21 13:52:14,"{'id': 36671250, 'body': 'Thanks for updating your review.\nWe always appreciate feedback from our users.', 'modified': '2023-05-23T01:51:48Z'}","Such shady advertising! They offered me a ‚Äúdeal‚Äù to pay to unlock unlimited swipes exactly one profile before they told me ‚ÄúThats‚Äôs everyone‚Äù so there are no more profiles to see! What a scam! I just upgraded to the latest version, and now it pops up an ‚Äúupgrade‚Äù ad that must be dismissed every single time I come back to the app, which is sometimes every 30 seconds! I have a lot going on and can‚Äôt just sit in the app swiping forever, I have to take care of other things. They also ‚Äúhide‚Äù where people are located/live at the very bottom of people‚Äôs profiles instead of at the top, which is usually the first thing I want to know. So you have to scroll down all the way to the bottom to find out if they live somewhere else, and then have to scroll all the way back up to the top if they actually are local so I can actually look at their profile. So tedious and terrible design! Also, I really hate that it seems like they‚Äôve intentionally designed the app so it is way too easy to accidentally ‚Äúswipe‚Äù to like/dislike someone, and then they disable being able to go back unless you pay! Very shady!",1,False,Annoying ‚Äúupgrade‚Äù has to be dismissed every single time,Phoenix2000,True
2023-01-17 00:19:01,"{'id': 34362481, 'body': ""Hi there. We're sorry you didn't enjoy your experience on Bumble. We are always looking for ways to improve our users' experience so we will make sure to pass your input along to our Product Team. While we continue to work hard to improve this, if we can help your experience further right now, please send us a message at bumble.com/contact. üíõ"", 'modified': '2023-01-18T16:02:59Z'}",I don‚Äôt know what to say. I‚Äôm a decent looking guy with a great personality but this is my fourth time using and deleting this app. I think the quality of people on here are all a little too judgy and shallow... it seems like everyone is trying to be a model or something... fake and glamorous with ZERO conversation. I‚Äôm sure the women are bombarded by sooo many men but I‚Äôm not willing to pay after I have been burned in the past on these apps. Sure it works great and you get like 10 swipes a day... but what it really is doing is turning men and women into literal vending machines where all the adventure is tKen out of spontaneous attraction and dialed down to a measly swipe where we all live on instant gratification and people are LITERALLY shopping for a date. I fall victim of this too and it‚Äôs just toxic for the human soul to shop around everyday for a date and it never gets a real connection. I would get out and grow so confidence and try to meet people in the real world because I believe this subconscious on demand shopping for dAtes has really destroyed the male And female psyche of attraction. Everything was better in the 90‚Äôs,2,False,"Easy to use, not practical.",SlayBells,True
2023-09-13 06:59:16,"{'id': 38928403, 'body': 'Our team moderates based on our photo guidelines (https://bit.ly/3tU0sBS). If you think there‚Äôs been a mistake, our team would be more than happy to take a second look. Please send us a message here: bumble.com/contact. We‚Äôre here for you! üíõ', 'modified': '2023-09-15T06:45:25Z'}",This app you used to be amazing but ad time goes by they have done nothing but take away features just to charge you for it. You can post videos and pictures and be in no violation of their rules and they will still delete it even if you write to support they will not respond knowing they are wrong. Even if your a paid customer. Their support is horrible. I don‚Äôt recommend downloading the app I have paid numerous times inky times be disappointed with their support. It‚Äôs easy to take a persons money sad to say it‚Äôs hard for them to do their job. Till this day I have not received a refund nor have I had any luck as half the people in there are either fake or are just looking for chatting buddies.  Their timer to swipe does t even work properly and your limited in swipes. You get more results in tinder and more swipes on the tinder and their timer works Accordingly. This site has driven men away from it so if your a woman signing up. I would think twice. Best site u have found so far and does t cost anything is Facebook dating. Blows this app away. Don‚Äôt download bumble you will only be disappointed,1,False,"Pictures , videos, and subscriptions.",relias714,True
2024-06-20 03:40:36,"{'id': 44838815, 'body': ""We're sorry to hear about your negative experience! Bumble has a huge community of members from all over the world, and has helped create countless love stories. We understand how frustrating it can be, but we urge you to keep going and not lose hope. We're here to support you on @BumbleSupport! üíõ"", 'modified': '2024-06-25T16:55:56Z'}","I heard of bumble and thought it‚Äôs interesting having to have the female make the first move‚Ä¶ well unfortunately the app does not show your profile to many if any people unless your paying a ton of money every month. They say the core app is ‚Äúfree‚Äù but they don‚Äôt put your profile out there unless your paying though. I‚Äôve been using it for a bit now and I‚Äôve gotten like 2  likes, and that‚Äôs not matches that‚Äôs just likes. I‚Äôm by no means a bad looking guy or boring. But in order to see likes you gotta pay, but I‚Äôve been swiping every day till I run out of daily swipes. For the number of swipes it‚Äôs gotta be statistically impossible for there not to be a single match. Plus only the two likes in all that time? It seems like they plant profiles to like you to get you to pay to see your likes. And if you don‚Äôt pay they don‚Äôt put your profile out there for others to see which would explain why I haven‚Äôt a single match in over a year. If they lowered the prices they would get so much more business. It‚Äôs a good idea but a scam if your not into paying a ton for the possibility you maybe get a like or two‚Ä¶",1,False,Feeling scammed,Johnny War,True
